,date,county,state,fips,cases,deaths,2021-03-21_Cases_Num,2021-03-21_Deaths_Num,diff_From_2021-03-21_Cases_Num,diff_From_2021-03-21_Deaths_Num
95646,2021-03-28,Adair,Missouri,29001,2395,20,2372,20,23,0
95647,2021-03-28,Andrew,Missouri,29003,1862,18,1853,18,9,0
95648,2021-03-28,Atchison,Missouri,29005,439,6,433,6,6,0
95649,2021-03-28,Audrain,Missouri,29007,2763,57,2744,57,19,0
95650,2021-03-28,Barry,Missouri,29009,2887,45,2882,45,5,0
95651,2021-03-28,Barton,Missouri,29011,1165,13,1164,13,1,0
95652,2021-03-28,Bates,Missouri,29013,1309,27,1302,27,7,0
95653,2021-03-28,Benton,Missouri,29015,1658,29,1646,27,12,2
95654,2021-03-28,Bollinger,Missouri,29017,1126,12,1124,12,2,0
95655,2021-03-28,Boone,Missouri,29019,17871,86,17767,86,104,0
95656,2021-03-28,Buchanan,Missouri,29021,10223,179,10179,172,44,7
95657,2021-03-28,Butler,Missouri,29023,4133,39,4115,38,18,1
95658,2021-03-28,Caldwell,Missouri,29025,765,11,764,12,1,-1
95659,2021-03-28,Callaway,Missouri,29027,4892,46,4863,46,29,0
95660,2021-03-28,Camden,Missouri,29029,4001,84,3993,83,8,1
95661,2021-03-28,Cape Girardeau,Missouri,29031,9364,133,9350,133,14,0
95662,2021-03-28,Carroll,Missouri,29033,1058,23,1053,23,5,0
95663,2021-03-28,Carter,Missouri,29035,547,9,537,9,10,0
95664,2021-03-28,Cass,Missouri,29037,8928,98,8860,94,68,4
95665,2021-03-28,Cedar,Missouri,29039,1091,20,1090,20,1,0
95666,2021-03-28,Chariton,Missouri,29041,666,6,661,6,5,0
95667,2021-03-28,Christian,Missouri,29043,8663,86,8609,86,54,0
95668,2021-03-28,Clark,Missouri,29045,673,7,642,7,31,0
95669,2021-03-28,Clay,Missouri,29047,9934,158,9809,155,125,3
95670,2021-03-28,Clinton,Missouri,29049,2035,65,2029,65,6,0
95671,2021-03-28,Cole,Missouri,29051,9024,119,9004,119,20,0
95672,2021-03-28,Cooper,Missouri,29053,1905,27,1890,27,15,0
95673,2021-03-28,Crawford,Missouri,29055,2466,35,2412,34,54,1
95674,2021-03-28,Dade,Missouri,29057,711,31,711,31,0,0
95675,2021-03-28,Dallas,Missouri,29059,1253,26,1251,25,2,1
95676,2021-03-28,Daviess,Missouri,29061,734,11,733,11,1,0
95677,2021-03-28,DeKalb,Missouri,29063,1147,30,1146,29,1,1
95678,2021-03-28,Dent,Missouri,29065,909,17,906,17,3,0
95679,2021-03-28,Douglas,Missouri,29067,900,27,894,27,6,0
95680,2021-03-28,Dunklin,Missouri,29069,2741,19,2727,19,14,0
95681,2021-03-28,Franklin,Missouri,29071,10358,176,10271,170,87,6
95682,2021-03-28,Gasconade,Missouri,29073,1560,43,1553,42,7,1
95683,2021-03-28,Gentry,Missouri,29075,834,20,833,21,1,-1
95684,2021-03-28,Greene,Missouri,29077,28267,450,28134,445,133,5
95685,2021-03-28,Grundy,Missouri,29079,1009,34,1009,34,0,0
95686,2021-03-28,Harrison,Missouri,29081,922,14,924,14,-2,0
95687,2021-03-28,Henry,Missouri,29083,2007,38,1994,38,13,0
95688,2021-03-28,Hickory,Missouri,29085,645,14,641,14,4,0
95689,2021-03-28,Holt,Missouri,29087,424,11,423,10,1,1
95690,2021-03-28,Howard,Missouri,29089,1061,7,1050,7,11,0
95691,2021-03-28,Howell,Missouri,29091,3476,43,3455,43,21,0
95692,2021-03-28,Iron,Missouri,29093,902,6,901,5,1,1
95693,2021-03-28,Jackson,Missouri,29095,37129,406,36902,402,227,4
95694,2021-03-28,Jasper,Missouri,29097,9358,126,9325,126,33,0
95695,2021-03-28,Jefferson,Missouri,29099,21978,232,21719,230,259,2
95696,2021-03-28,Johnson,Missouri,29101,4917,48,4907,48,10,0
95699,2021-03-28,Knox,Missouri,29103,383,2,359,2,24,0
95700,2021-03-28,Laclede,Missouri,29105,3251,67,3244,66,7,1
95701,2021-03-28,Lafayette,Missouri,29107,3071,56,3057,56,14,0
95702,2021-03-28,Lawrence,Missouri,29109,3401,79,3391,78,10,1
95703,2021-03-28,Lewis,Missouri,29111,1038,12,841,12,197,0
95704,2021-03-28,Lincoln,Missouri,29113,5520,39,5455,39,65,0
95705,2021-03-28,Linn,Missouri,29115,1207,12,1190,12,17,0
95706,2021-03-28,Livingston,Missouri,29117,1724,39,1718,38,6,1
95711,2021-03-28,McDonald,Missouri,29119,2551,32,2490,31,61,1
95707,2021-03-28,Macon,Missouri,29121,1549,15,1535,15,14,0
95708,2021-03-28,Madison,Missouri,29123,1614,16,1612,16,2,0
95709,2021-03-28,Maries,Missouri,29125,623,8,613,7,10,1
95710,2021-03-28,Marion,Missouri,29127,3596,42,3151,42,445,0
95712,2021-03-28,Mercer,Missouri,29129,303,2,303,2,0,0
95713,2021-03-28,Miller,Missouri,29131,2504,53,2497,51,7,2
95714,2021-03-28,Mississippi,Missouri,29133,1430,27,1411,26,19,1
95715,2021-03-28,Moniteau,Missouri,29135,1772,29,1770,29,2,0
95716,2021-03-28,Monroe,Missouri,29137,1014,11,993,11,21,0
95717,2021-03-28,Montgomery,Missouri,29139,1024,10,1018,10,6,0
95718,2021-03-28,Morgan,Missouri,29141,1707,42,1699,42,8,0
95719,2021-03-28,New Madrid,Missouri,29143,2094,43,2089,41,5,2
95720,2021-03-28,Newton,Missouri,29145,5237,74,5204,73,33,1
95721,2021-03-28,Nodaway,Missouri,29147,2644,25,2635,25,9,0
95722,2021-03-28,Oregon,Missouri,29149,849,3,847,3,2,0
95723,2021-03-28,Osage,Missouri,29151,1617,14,1612,14,5,0
95724,2021-03-28,Ozark,Missouri,29153,676,16,673,16,3,0
95725,2021-03-28,Pemiscot,Missouri,29155,1543,29,1539,29,4,0
95726,2021-03-28,Perry,Missouri,29157,2156,29,2149,29,7,0
95727,2021-03-28,Pettis,Missouri,29159,5065,77,5055,77,10,0
95728,2021-03-28,Phelps,Missouri,29161,3691,126,3652,124,39,2
95729,2021-03-28,Pike,Missouri,29163,1789,23,1762,23,27,0
95730,2021-03-28,Platte,Missouri,29165,4048,45,4007,44,41,1
95731,2021-03-28,Polk,Missouri,29167,3292,39,3282,39,10,0
95732,2021-03-28,Pulaski,Missouri,29169,3441,49,3436,49,5,0
95733,2021-03-28,Putnam,Missouri,29171,296,4,293,4,3,0
95734,2021-03-28,Ralls,Missouri,29173,1048,12,1003,12,45,0
95735,2021-03-28,Randolph,Missouri,29175,2648,30,2633,30,15,0
95736,2021-03-28,Ray,Missouri,29177,1934,27,1916,26,18,1
95737,2021-03-28,Reynolds,Missouri,29179,466,4,466,4,0,0
95738,2021-03-28,Ripley,Missouri,29181,1046,15,1044,15,2,0
95745,2021-03-28,St. Charles,Missouri,29183,41041,469,40645,462,396,7
95746,2021-03-28,St. Clair,Missouri,29185,788,8,785,8,3,0
95750,2021-03-28,Ste. Genevieve,Missouri,29186,1793,16,1784,16,9,0
95747,2021-03-28,St. Francois,Missouri,29187,8765,110,8745,110,20,0
95748,2021-03-28,St. Louis,Missouri,29189,92298,2082,91314,2063,984,19
95739,2021-03-28,Saline,Missouri,29195,2881,38,2878,39,3,-1
95740,2021-03-28,Schuyler,Missouri,29197,330,5,328,5,2,0
95741,2021-03-28,Scotland,Missouri,29199,308,3,305,3,3,0
95742,2021-03-28,Scott,Missouri,29201,4697,83,4662,81,35,2
95743,2021-03-28,Shannon,Missouri,29203,592,12,589,12,3,0
95744,2021-03-28,Shelby,Missouri,29205,573,7,517,7,56,0
95751,2021-03-28,Stoddard,Missouri,29207,2485,37,2480,37,5,0
95752,2021-03-28,Stone,Missouri,29209,2365,39,2352,39,13,0
95753,2021-03-28,Sullivan,Missouri,29211,858,14,852,14,6,0
95754,2021-03-28,Taney,Missouri,29213,5177,90,5168,91,9,-1
95755,2021-03-28,Texas,Missouri,29215,1823,22,1813,22,10,0
95756,2021-03-28,Vernon,Missouri,29217,1938,40,1922,40,16,0
95757,2021-03-28,Warren,Missouri,29219,3012,30,2976,29,36,1
95758,2021-03-28,Washington,Missouri,29221,2723,49,2719,48,4,1
95759,2021-03-28,Wayne,Missouri,29223,1031,11,1026,11,5,0
95760,2021-03-28,Webster,Missouri,29225,3507,53,3491,53,16,0
95761,2021-03-28,Worth,Missouri,29227,164,2,163,1,1,1
95762,2021-03-28,Wright,Missouri,29229,1553,29,1551,29,2,0
95749,2021-03-28,St. Louis city,Missouri,29510,22470,477,22237,443,233,34
